dice1;dice2;dice3;dice4;dice5;dice6;dice7;dice8;dice9;dice10;dice-sum;number
3;1;6;2;2;4;5;2;1;3;29;1
1;1;1;1;6;3;4;3;4;4;28;2
4;5;3;2;3;6;6;5;3;6;43;3
2;3;5;1;3;6;5;6;3;6;40;4
3;3;2;1;4;3;1;5;6;4;32;5
2;1;5;5;1;4;3;3;3;1;28;6
1;4;5;5;1;3;1;1;2;4;27;7
3;3;3;4;5;3;2;2;6;5;36;8
4;4;2;4;6;1;6;4;1;3;35;9
1;5;6;4;6;2;4;4;2;4;38;10
5;5;3;2;4;2;1;4;4;3;33;11
2;5;2;5;1;2;3;2;3;6;31;12
5;5;6;4;6;1;4;3;3;1;38;13
2;1;1;5;2;5;6;5;2;2;31;14
1;6;5;3;3;2;2;5;4;6;37;15
3;1;5;3;2;4;3;1;2;4;28;16
1;4;4;2;6;5;2;6;3;1;34;17
3;3;3;6;6;6;3;3;4;1;38;18
6;5;1;6;1;2;5;3;1;1;31;19
4;2;5;4;1;2;4;6;4;1;33;20
3;1;4;2;2;6;1;3;2;3;27;21
2;3;4;6;1;4;2;2;1;2;27;22
1;3;3;1;6;3;3;6;4;5;35;23
2;5;6;5;5;2;5;1;2;1;34;24
4;2;5;6;2;1;6;5;1;1;33;25
1;2;5;3;2;4;6;2;3;4;32;26
5;5;1;2;6;2;2;3;4;3;33;27
5;6;2;3;5;3;1;4;2;6;37;28
3;6;2;5;4;1;1;6;4;2;34;29
5;2;6;6;3;6;5;3;3;5;44;30
2;6;6;2;6;3;2;6;1;5;39;31
2;1;3;6;4;2;4;1;5;5;33;32
1;5;2;4;2;2;2;1;1;5;25;33
1;4;4;4;5;5;6;2;3;1;35;34
6;4;3;4;4;5;2;3;3;4;38;35
1;6;1;2;3;1;5;6;5;2;32;36
6;4;6;1;4;2;5;6;6;4;44;37
4;1;5;5;2;5;3;3;2;5;35;38
5;2;1;4;2;1;2;6;3;4;30;39
5;1;1;6;3;5;5;4;4;4;38;40
3;6;2;3;4;6;2;3;1;5;35;41
4;5;4;6;2;5;3;5;2;1;37;42
5;1;5;6;1;5;1;4;4;3;35;43
2;5;5;4;4;4;1;3;2;6;36;44
5;4;2;5;2;2;4;1;6;2;33;45
6;1;3;3;5;4;3;3;6;3;37;46
4;5;4;4;1;2;3;3;1;1;28;47
2;6;1;2;1;3;2;4;6;5;32;48
4;1;5;6;3;6;6;2;4;2;39;49
2;3;4;2;6;6;3;2;6;4;38;50
3;6;4;3;4;5;4;4;4;6;43;51
1;6;3;2;2;5;2;3;2;3;29;52
6;4;6;5;4;3;6;1;2;2;39;53
2;5;5;5;1;2;3;5;5;2;35;54
1;4;5;3;5;2;5;6;2;2;35;55
2;4;3;6;3;6;1;4;4;2;35;56
6;5;1;6;2;3;3;6;1;2;35;57
5;4;4;5;2;5;6;2;3;6;42;58
6;4;1;5;6;4;3;2;5;2;38;59
1;5;6;2;1;5;4;4;3;4;35;60
4;3;2;4;3;1;5;4;5;4;35;61
3;2;6;3;5;5;6;1;2;2;35;62
2;2;6;1;2;3;2;6;3;4;31;63
6;5;5;3;4;1;5;5;6;1;41;64
5;1;3;3;3;2;3;1;3;1;25;65
5;4;2;6;1;3;4;1;4;3;33;66
1;4;1;4;2;1;3;6;2;6;30;67
6;6;3;1;6;4;2;5;3;4;40;68
3;2;4;2;5;5;6;3;1;2;33;69
6;1;3;2;2;2;6;6;5;4;37;70
6;3;1;6;1;3;5;3;6;1;35;71
5;4;5;5;2;1;4;2;3;1;32;72
6;5;1;6;3;5;2;5;3;4;40;73
6;5;4;3;5;4;4;2;1;2;36;74
2;2;5;4;2;6;3;1;2;4;31;75
6;6;5;3;6;6;1;6;5;1;45;76
6;3;3;6;6;3;5;4;2;3;41;77
1;4;5;4;4;3;1;5;4;2;33;78
3;6;4;5;4;3;1;1;4;6;37;79
2;1;1;2;2;6;6;4;4;2;30;80
2;3;3;6;6;5;4;5;4;1;39;81
6;6;5;5;1;1;2;5;6;5;42;82
3;5;2;3;1;6;4;4;2;1;31;83
5;2;2;6;4;4;6;5;3;4;41;84
2;3;6;6;5;3;6;4;5;1;41;85
5;6;3;4;1;5;3;1;4;4;36;86
1;5;6;2;1;2;2;5;3;2;29;87
5;2;3;3;2;5;3;1;4;2;30;88
2;2;6;3;5;2;1;6;4;5;36;89
5;3;6;2;6;4;3;5;3;1;38;90
3;4;3;2;3;3;5;6;5;1;35;91
5;3;1;3;1;3;4;5;5;1;31;92
4;2;6;6;5;4;2;2;4;1;36;93
3;6;4;3;6;5;2;4;4;4;41;94
2;6;5;4;2;6;3;6;1;3;38;95
2;6;5;3;6;1;3;4;3;2;35;96
3;3;5;4;5;5;6;2;2;3;38;97
3;5;2;6;6;4;2;3;6;6;43;98
4;6;1;5;5;5;1;5;1;2;35;99
1;1;2;6;6;1;5;1;2;6;31;100
2;5;4;1;5;2;4;1;2;3;29;101
4;4;4;3;1;2;4;5;3;1;31;102
6;4;2;4;5;4;3;2;1;4;35;103
2;3;3;3;4;4;3;1;3;3;29;104
6;2;5;1;4;4;1;5;5;4;37;105
5;6;2;2;5;6;6;3;4;1;40;106
4;2;6;2;5;1;4;5;4;5;38;107
2;1;2;3;6;1;1;2;3;3;24;108
3;3;6;2;3;1;1;1;6;4;30;109
4;2;2;3;5;3;4;1;2;6;32;110
3;3;3;3;4;3;6;3;5;5;38;111
1;4;5;1;1;1;5;4;4;6;32;112
4;5;1;3;2;1;3;5;1;2;27;113
2;1;6;1;6;1;2;4;2;5;30;114
4;5;3;3;6;6;6;6;5;2;46;115
2;3;5;6;5;2;4;1;5;2;35;116
1;5;1;1;5;2;1;4;2;6;28;117
3;4;5;2;3;4;5;5;3;1;35;118
6;3;3;3;5;5;2;3;1;5;36;119
4;2;4;6;6;1;3;1;1;4;32;120
5;6;6;5;3;6;1;2;5;3;42;121
3;1;3;6;2;2;1;1;6;4;29;122
4;2;3;6;6;1;6;5;3;6;42;123
4;4;5;3;3;6;5;2;2;1;35;124
2;4;2;1;1;4;3;2;1;5;25;125
2;4;6;5;3;6;1;2;5;3;37;126
2;4;1;2;2;5;5;6;1;5;33;127
1;4;3;6;3;1;4;4;6;2;34;128
3;1;5;3;6;6;3;4;3;2;36;129
6;1;5;4;6;4;3;3;2;3;37;130
3;1;3;2;4;3;5;6;4;1;32;131
1;6;2;3;5;5;4;4;4;6;40;132
5;5;2;3;5;1;5;6;5;3;40;133
1;2;5;6;6;5;1;6;3;6;41;134
6;1;1;1;3;3;5;5;5;4;34;135
3;1;2;1;4;5;3;3;6;5;33;136
4;1;3;5;2;5;2;5;4;3;34;137
5;5;3;5;2;3;6;5;4;4;42;138
4;3;1;5;1;4;6;1;6;4;35;139
4;3;4;1;5;2;6;4;1;3;33;140
6;3;5;1;2;5;1;6;4;2;35;141
5;6;2;4;5;4;4;6;1;5;42;142
5;1;1;5;1;6;2;1;3;6;31;143
5;1;1;5;2;2;6;3;5;6;36;144
1;1;5;3;1;2;1;5;1;5;25;145
1;4;2;3;2;4;2;2;4;3;27;146
5;2;1;4;2;5;2;5;3;5;34;147
5;4;2;4;3;5;1;4;1;2;31;148
3;2;1;4;2;1;3;1;2;5;24;149
5;3;4;6;5;6;1;1;2;1;34;150
2;4;1;1;2;6;2;2;1;1;22;151
6;5;1;4;3;1;1;1;4;6;32;152
2;2;1;6;1;1;2;1;2;1;19;153
5;4;6;1;2;6;5;2;3;5;39;154
3;1;4;6;6;3;3;1;5;5;37;155
3;4;6;2;2;4;3;3;4;2;33;156
3;2;5;2;1;4;4;3;4;3;31;157
5;3;1;4;1;6;3;5;4;6;38;158
4;3;5;2;5;4;5;3;4;6;41;159
2;5;6;5;3;5;2;6;5;2;41;160
6;2;5;4;4;5;3;4;2;6;41;161
2;4;6;5;6;2;2;3;1;1;32;162
2;6;1;4;4;1;5;4;4;3;34;163
1;2;3;6;5;1;6;5;6;5;40;164
4;3;5;3;2;5;4;3;5;6;40;165
5;1;6;2;5;5;4;1;4;5;38;166
6;2;6;2;1;6;4;2;2;2;33;167
3;4;4;6;3;5;3;3;1;5;37;168
3;3;4;4;1;5;3;3;4;2;32;169
2;5;1;6;1;5;5;3;4;5;37;170
3;2;2;2;6;5;1;4;3;1;29;171
2;3;5;2;4;2;2;6;4;3;33;172
6;5;6;6;6;6;5;6;5;4;55;173
1;2;2;1;1;1;3;6;5;2;24;174
2;1;3;3;4;5;4;1;3;1;27;175
2;6;4;6;3;2;6;4;4;6;43;176
2;4;3;2;1;3;3;2;4;2;26;177
3;6;3;2;2;2;5;6;1;4;34;178
4;6;2;2;6;6;5;4;6;1;42;179
1;2;4;2;4;2;6;5;2;3;31;180
3;5;4;6;1;3;1;5;2;1;31;181
3;4;6;5;3;6;3;2;1;4;37;182
3;2;1;1;3;4;5;4;3;2;28;183
2;2;5;3;2;1;5;4;5;4;33;184
6;3;4;6;1;6;3;3;3;6;41;185
5;4;2;1;2;1;3;2;4;1;25;186
3;1;1;5;2;3;5;6;6;4;36;187
5;3;2;3;3;3;2;2;5;6;34;188
2;5;6;1;1;2;1;6;2;4;30;189
4;3;6;4;2;6;4;6;4;4;43;190
5;1;4;1;6;3;3;4;3;4;34;191
2;3;3;1;2;5;4;6;6;3;35;192
1;4;2;5;6;4;2;2;1;3;30;193
2;2;3;5;3;5;6;4;5;5;40;194
4;3;2;3;5;4;1;4;3;2;31;195
6;4;4;6;3;2;5;4;3;2;39;196
6;4;2;2;6;4;4;6;5;4;43;197
4;1;4;4;5;5;1;4;6;2;36;198
4;6;2;4;4;1;1;6;2;4;34;199
4;4;5;3;6;2;2;5;4;5;40;200
5;5;1;1;6;6;1;4;4;5;38;201
6;4;5;6;6;1;2;5;6;4;45;202
1;4;6;1;2;3;2;4;6;1;30;203
2;5;1;5;1;5;6;5;4;6;40;204
1;1;3;2;1;1;4;1;3;6;23;205
2;5;4;5;5;3;3;4;2;3;36;206
1;3;4;3;1;2;2;1;6;2;25;207
1;2;4;4;6;4;2;2;5;6;36;208
5;6;5;4;6;2;5;6;5;3;47;209
2;6;1;5;4;6;1;3;5;1;34;210
6;2;2;1;2;6;2;3;4;5;33;211
6;1;1;1;6;4;6;1;2;4;32;212
4;4;4;3;5;1;1;5;3;5;35;213
3;1;1;5;2;6;1;1;4;4;28;214
5;6;1;6;5;4;3;2;1;1;34;215
5;4;3;1;2;2;6;6;1;1;31;216
5;1;5;6;5;3;5;6;5;5;46;217
3;3;4;5;1;2;5;1;5;4;33;218
3;4;6;5;3;2;4;6;2;4;39;219
3;2;2;3;6;6;1;2;6;5;36;220
6;6;4;2;3;5;1;2;3;6;38;221
3;4;4;6;6;3;3;2;4;3;38;222
3;6;6;4;5;2;2;3;3;3;37;223
5;1;3;2;6;2;5;3;3;6;36;224
6;6;6;5;5;4;5;4;4;1;46;225
1;5;2;1;6;1;1;1;5;6;29;226
5;1;5;1;2;6;3;5;2;3;33;227
3;2;1;1;1;4;2;4;6;3;27;228
5;3;1;3;5;4;5;1;4;5;36;229
4;5;4;1;5;6;6;4;5;6;46;230
5;4;3;3;5;1;4;1;6;4;36;231
4;6;5;1;6;1;1;4;4;2;34;232
6;1;6;5;3;6;5;3;6;3;44;233
6;2;3;2;2;3;3;6;3;2;32;234
2;4;3;6;5;3;6;5;4;6;44;235
2;6;6;6;6;1;5;5;5;3;45;236
3;6;4;1;2;6;5;3;1;2;33;237
4;6;1;5;4;3;6;3;3;6;41;238
1;1;2;4;1;4;6;4;4;6;33;239
4;1;6;2;1;3;2;2;3;3;27;240
2;6;1;6;5;1;6;4;6;2;39;241
5;3;4;5;6;5;5;1;3;4;41;242
5;6;3;3;6;5;6;5;2;4;45;243
4;1;4;5;4;6;3;5;6;1;39;244
2;3;6;3;5;4;6;1;4;1;35;245
1;1;2;4;1;5;5;6;6;5;36;246
2;5;2;1;2;6;3;5;1;1;28;247
3;1;3;2;4;4;3;4;4;2;30;248
5;1;2;4;6;2;1;5;3;1;30;249
6;5;5;4;6;6;2;6;4;4;48;250
2;2;3;5;3;4;2;4;3;6;34;251
3;5;4;6;4;5;6;6;6;1;46;252
5;6;5;2;4;3;3;4;1;3;36;253
5;2;6;5;3;1;4;3;1;2;32;254
3;2;5;2;1;3;5;1;2;6;30;255
4;6;3;6;3;3;4;2;4;6;41;256
1;5;4;2;2;6;1;6;1;4;32;257
1;6;3;3;6;1;2;4;4;2;32;258
5;2;4;1;1;2;1;1;3;3;23;259
5;4;4;4;6;5;2;2;3;3;38;260
4;5;4;5;5;5;6;6;3;4;47;261
2;3;1;3;3;5;2;5;6;4;34;262
4;4;1;2;4;6;4;6;6;4;41;263
2;1;6;6;1;4;2;5;1;1;29;264
5;6;1;3;6;6;4;5;6;3;45;265
3;4;6;1;5;2;5;1;6;4;37;266
5;3;4;5;3;6;5;3;2;2;38;267
6;4;1;6;3;5;4;5;3;4;41;268
2;4;4;3;3;6;3;3;2;6;36;269
3;1;6;2;6;1;4;1;3;5;32;270
2;1;6;5;4;5;6;1;4;4;38;271
1;4;3;3;6;4;2;1;6;3;33;272
4;1;2;3;6;4;2;1;2;5;30;273
6;6;1;1;2;4;1;6;1;3;31;274
4;1;1;5;4;6;2;5;6;4;38;275
3;5;1;6;3;6;6;2;3;4;39;276
6;4;2;6;6;3;1;4;5;2;39;277
5;1;5;1;3;3;3;3;4;4;32;278
3;4;6;2;6;5;1;3;2;5;37;279
1;5;4;5;4;5;2;1;4;3;34;280
5;3;5;2;3;3;2;6;4;5;38;281
4;5;5;5;3;4;1;4;5;4;40;282
6;3;6;2;5;1;6;5;5;2;41;283
4;1;6;4;1;2;2;4;4;6;34;284
6;1;2;5;1;1;6;1;6;5;34;285
1;6;4;2;2;2;2;6;2;5;32;286
1;3;4;5;3;6;5;6;2;4;39;287
3;6;2;3;2;6;4;2;1;1;30;288
3;1;6;3;6;1;4;3;1;6;34;289
2;3;5;5;2;6;4;6;3;5;41;290
1;5;5;2;5;4;2;6;5;4;39;291
6;4;3;5;4;3;6;3;2;3;39;292
1;4;5;5;5;2;1;5;2;3;33;293
5;4;6;2;5;2;1;6;3;1;35;294
3;1;3;4;3;2;3;1;3;3;26;295
4;2;2;4;2;1;5;3;2;3;28;296
3;2;3;1;4;4;5;2;4;1;29;297
2;5;3;6;4;1;4;2;4;2;33;298
2;4;3;2;5;4;4;5;2;3;34;299
2;6;3;3;2;3;4;5;5;2;35;300
2;3;1;2;1;6;4;6;5;3;33;301
1;4;1;2;3;1;4;5;2;2;25;302
5;6;1;2;3;4;1;5;2;3;32;303
2;5;3;5;1;4;3;5;5;6;39;304
5;3;5;1;3;3;4;5;3;6;38;305
2;6;1;1;1;3;5;2;4;6;31;306
4;6;2;3;1;4;3;4;6;6;39;307
1;5;3;4;1;5;3;6;2;2;32;308
3;1;1;5;2;3;4;4;6;4;33;309
6;1;5;2;2;4;1;6;4;2;33;310
2;4;2;6;1;6;2;3;5;1;32;311
4;1;4;4;4;3;5;3;3;2;33;312
5;5;1;3;2;6;6;5;1;3;37;313
1;5;2;3;6;2;2;1;2;2;26;314
3;3;1;1;3;6;1;4;1;5;28;315
1;4;5;6;3;2;4;2;6;5;38;316
2;1;2;4;2;4;4;3;6;5;33;317
5;5;2;1;4;1;4;4;6;2;34;318
6;3;5;4;2;5;3;5;2;5;40;319
5;6;6;5;4;3;2;6;2;2;41;320
3;4;6;2;2;4;3;3;1;3;31;321
2;4;3;3;6;1;5;4;4;1;33;322
1;4;2;3;5;2;2;3;3;5;30;323
4;1;3;5;4;3;3;4;4;1;32;324
5;4;6;2;4;1;4;5;4;5;40;325
4;2;5;3;6;5;3;5;5;6;44;326
4;6;4;2;3;6;3;5;6;6;45;327
4;2;5;1;3;4;1;6;2;6;34;328
4;1;5;6;1;1;1;4;3;4;30;329
5;1;3;1;4;4;5;1;3;4;31;330
2;2;1;5;4;2;2;1;2;5;26;331
6;4;2;1;3;6;4;2;1;1;30;332
1;2;6;3;6;6;4;1;3;3;35;333
4;4;5;2;6;5;1;1;3;2;33;334
3;6;2;1;1;6;1;6;4;1;31;335
2;6;4;2;2;4;6;3;4;4;37;336
6;1;3;2;1;3;1;3;6;2;28;337
5;1;5;5;6;4;1;3;5;6;41;338
1;1;1;1;5;5;5;5;5;6;35;339
5;3;2;5;3;1;4;5;6;1;35;340
6;5;2;3;6;6;1;4;4;5;42;341
6;4;5;4;2;4;4;1;2;5;37;342
4;2;4;6;3;3;6;5;1;1;35;343
4;5;4;5;3;3;6;3;5;2;40;344
4;2;3;3;1;6;5;2;3;6;35;345
4;4;5;4;1;2;3;6;4;3;36;346
4;4;6;2;1;6;1;4;6;4;38;347
3;1;2;6;3;4;6;5;4;6;40;348
1;6;3;1;3;1;5;2;1;6;29;349
6;3;1;5;3;6;4;6;2;1;37;350
1;2;3;4;3;2;6;2;4;6;33;351
6;3;6;2;4;2;6;6;1;1;37;352
3;1;2;6;4;4;2;2;4;4;32;353
2;2;1;1;4;2;5;6;1;6;30;354
6;1;5;4;4;6;5;5;6;1;43;355
4;6;4;5;4;4;2;1;3;5;38;356
5;3;6;4;5;2;5;4;5;5;44;357
2;4;5;6;3;2;4;6;2;1;35;358
2;4;2;1;2;1;4;6;5;5;32;359
2;5;4;6;1;4;6;4;4;5;41;360
5;2;3;4;3;6;6;5;5;6;45;361
3;5;3;4;4;1;2;4;4;3;33;362
4;6;5;5;5;1;5;6;4;1;42;363
1;6;4;2;5;6;4;3;3;6;40;364
1;3;1;4;6;5;1;3;1;5;30;365
6;4;5;3;2;3;3;1;4;5;36;366
4;1;2;1;2;6;4;1;4;1;26;367
3;6;4;3;5;4;3;6;6;1;41;368
6;1;1;1;5;3;6;5;6;5;39;369
5;1;6;5;6;2;4;5;4;2;40;370
6;1;4;4;6;1;1;6;5;3;37;371
4;5;6;3;5;3;4;3;4;4;41;372
4;2;3;1;2;2;4;6;1;5;30;373
3;2;4;3;1;1;5;4;6;5;34;374
1;1;4;3;5;6;6;3;2;2;33;375
5;2;2;6;6;4;3;3;5;6;42;376
1;4;3;2;1;1;5;1;3;1;22;377
5;4;5;5;1;5;1;1;4;1;32;378
2;5;6;6;4;4;4;2;4;3;40;379
4;2;1;3;3;6;5;4;5;5;38;380
1;4;5;5;3;5;1;2;6;4;36;381
6;6;6;4;2;2;2;4;2;1;35;382
6;1;4;1;4;3;6;1;3;6;35;383
5;1;6;5;5;1;1;4;2;1;31;384
1;1;6;5;3;3;6;6;4;1;36;385
1;5;5;6;4;1;1;4;2;2;31;386
3;3;6;4;6;2;6;1;3;6;40;387
6;5;4;1;5;4;2;3;2;3;35;388
4;6;2;3;4;5;4;6;3;4;41;389
1;1;4;6;2;2;4;6;1;3;30;390
4;3;4;5;1;2;2;6;6;3;36;391
3;3;1;5;5;6;5;3;3;6;40;392
3;3;6;3;1;6;6;6;1;3;38;393
6;2;1;5;5;2;1;2;3;4;31;394
1;1;1;3;2;3;6;6;2;5;30;395
5;5;6;4;3;1;6;1;1;4;36;396
5;4;6;5;5;2;4;1;2;6;40;397
6;1;1;3;3;2;3;2;2;2;25;398
4;5;6;6;1;1;3;6;1;2;35;399
1;4;3;4;1;4;3;1;3;5;29;400
1;5;6;2;2;3;6;4;4;3;36;401
4;6;6;2;5;1;4;3;5;5;41;402
5;3;1;4;6;6;4;6;4;3;42;403
1;2;3;2;5;1;3;6;1;3;27;404
5;5;4;5;4;4;6;5;4;4;46;405
5;4;5;4;5;1;4;2;4;6;40;406
6;5;3;3;5;5;3;5;3;5;43;407
3;6;3;6;5;2;5;5;6;3;44;408
2;2;4;6;6;4;6;2;2;5;39;409
3;5;4;6;6;2;1;4;3;1;35;410
4;5;6;1;3;5;2;4;5;4;39;411
1;1;3;3;2;1;6;4;3;3;27;412
5;6;2;4;5;6;6;5;5;4;48;413
1;4;1;1;3;2;2;1;2;2;19;414
2;3;3;5;3;6;3;3;3;5;36;415
1;4;3;4;4;1;3;4;5;5;34;416
3;2;1;3;5;4;6;3;6;1;34;417
4;1;1;6;4;1;5;3;6;6;37;418
4;6;6;6;1;5;6;4;2;2;42;419
1;6;2;6;6;3;3;4;4;1;36;420
5;4;2;1;4;3;1;6;6;1;33;421
6;2;4;1;1;2;2;5;6;5;34;422
4;3;4;6;5;6;6;3;5;2;44;423
3;2;4;4;5;1;2;2;6;2;31;424
4;2;1;2;2;3;5;5;1;1;26;425
3;1;5;4;3;4;4;4;4;6;38;426
6;1;5;4;2;5;1;3;4;3;34;427
6;4;5;5;6;4;6;6;6;2;50;428
2;4;2;2;3;4;2;6;3;2;30;429
3;5;4;2;1;3;5;4;6;6;39;430
5;2;1;1;5;1;3;1;1;3;23;431
2;2;2;2;2;5;3;5;2;2;27;432
5;3;6;3;4;4;6;2;1;5;39;433
6;1;2;5;3;6;2;1;1;5;32;434
6;1;6;3;6;6;4;6;3;4;45;435
2;6;3;1;4;2;6;2;5;1;32;436
4;6;4;5;3;1;4;1;3;6;37;437
2;6;1;4;4;1;4;3;6;2;33;438
5;6;4;6;5;2;4;4;5;5;46;439
2;5;3;4;6;2;1;2;6;5;36;440
4;6;2;6;3;3;3;6;6;4;43;441
1;2;1;3;1;4;6;2;2;3;25;442
3;4;1;5;5;2;1;2;6;5;34;443
1;5;5;4;2;5;5;1;6;6;40;444
5;1;1;6;5;6;4;4;1;4;37;445
4;6;4;4;2;5;4;5;6;5;45;446
1;3;6;3;1;4;3;1;1;2;25;447
6;3;4;6;6;4;4;2;3;6;44;448
6;6;3;1;6;1;4;6;1;2;36;449
5;4;4;4;3;1;1;6;1;3;32;450
5;6;1;3;4;4;6;2;1;3;35;451
5;5;3;5;5;5;6;5;1;1;41;452
2;3;4;5;2;3;4;5;2;3;33;453
3;6;4;2;4;2;5;1;6;1;34;454
6;4;2;5;2;3;5;4;5;6;42;455
4;6;2;1;3;6;5;4;6;3;40;456
5;3;6;3;5;3;4;4;6;3;42;457
2;1;6;1;1;2;6;1;4;6;30;458
6;6;2;2;2;3;1;3;6;2;33;459
1;4;3;2;1;1;2;2;3;4;23;460
1;5;2;3;3;4;6;5;6;2;37;461
4;6;5;5;6;2;6;4;5;6;49;462
2;3;1;3;6;1;5;3;6;3;33;463
3;1;4;1;5;6;6;5;6;3;40;464
2;5;4;4;1;1;1;3;5;5;31;465
5;3;4;1;6;1;3;2;5;2;32;466
5;6;6;1;3;1;6;5;1;5;39;467
6;6;2;1;4;2;2;2;2;1;28;468
6;1;4;4;3;1;3;1;3;2;28;469
1;1;1;6;6;4;1;5;4;2;31;470
4;4;4;3;5;5;6;3;5;3;42;471
1;3;3;2;4;5;1;5;5;6;35;472
3;4;1;5;5;3;2;1;6;5;35;473
4;5;1;1;6;3;5;4;4;6;39;474
1;2;1;2;1;1;5;1;5;6;25;475
1;2;2;3;3;4;6;3;3;1;28;476
4;3;1;2;6;1;6;2;6;6;37;477
5;4;6;1;5;3;1;4;2;5;36;478
5;1;5;6;1;6;6;2;1;4;37;479
5;6;3;1;6;4;4;6;2;2;39;480
5;3;3;5;6;3;3;4;2;6;40;481
2;2;2;3;2;2;2;4;5;1;25;482
4;6;2;3;3;2;3;3;6;2;34;483
2;4;5;5;1;3;1;5;1;3;30;484
6;1;1;5;2;1;3;1;5;2;27;485
4;5;6;6;5;4;2;6;3;5;46;486
5;4;5;2;6;6;1;5;5;6;45;487
6;2;1;4;2;2;5;2;1;2;27;488
2;5;3;3;1;5;1;1;1;5;27;489
3;6;4;5;5;3;2;3;3;2;36;490
4;2;5;5;6;2;4;1;2;5;36;491
3;5;1;6;2;4;4;1;3;6;35;492
4;1;5;4;3;3;3;4;2;6;35;493
6;2;3;6;5;2;2;2;3;1;32;494
1;3;4;5;1;3;2;1;5;3;28;495
2;2;6;2;2;4;2;1;3;2;26;496
6;1;2;2;3;1;2;4;1;4;26;497
3;5;5;3;2;6;6;3;5;6;44;498
5;3;2;2;6;4;5;5;3;4;39;499
4;5;4;5;6;6;1;5;1;3;40;500
6;1;2;2;2;2;1;2;3;5;26;501
3;3;1;2;2;1;1;5;1;2;21;502
2;1;2;3;3;2;6;4;2;3;28;503
1;3;1;2;6;5;5;1;5;5;34;504
6;1;5;3;2;3;6;3;5;6;40;505
1;4;5;6;5;5;1;1;4;1;33;506
3;2;2;3;3;5;3;3;4;4;32;507
6;1;1;5;4;1;2;1;4;3;28;508
2;3;5;4;3;2;2;1;5;2;29;509
6;4;6;3;3;1;2;2;2;3;32;510
1;3;2;1;4;2;5;1;3;5;27;511
5;6;3;3;2;6;3;4;3;6;41;512
2;6;5;2;2;3;6;5;5;1;37;513
4;2;6;3;3;1;4;2;5;3;33;514
2;6;5;2;5;6;1;1;6;4;38;515
2;2;3;5;4;3;4;2;1;5;31;516
4;4;3;5;6;1;3;2;2;1;31;517
6;1;3;2;6;2;3;6;6;1;36;518
4;6;1;1;4;5;6;6;6;6;45;519
5;4;1;6;1;6;6;5;4;4;42;520
6;1;3;5;6;2;3;5;6;6;43;521
6;1;5;5;2;6;2;3;4;6;40;522
6;3;1;3;3;5;4;5;1;2;33;523
1;6;4;3;5;2;6;4;4;5;40;524
5;5;3;6;2;1;2;6;1;3;34;525
6;1;5;2;3;4;4;5;6;2;38;526
4;4;2;1;2;6;1;2;1;1;24;527
1;4;5;4;2;3;3;3;3;3;31;528
5;1;1;1;5;5;1;3;1;6;29;529
1;4;2;3;3;5;6;6;4;4;38;530
5;4;4;2;1;4;5;6;6;5;42;531
4;4;2;4;5;4;1;2;6;4;36;532
1;4;3;4;6;4;3;2;4;6;37;533
4;6;3;6;1;2;6;5;6;1;40;534
3;2;2;6;2;3;6;2;6;4;36;535
4;6;5;2;5;4;6;4;2;3;41;536
3;2;3;4;2;6;6;1;3;1;31;537
1;3;1;1;4;5;1;6;4;6;32;538
5;4;4;1;6;5;6;3;6;3;43;539
4;2;4;5;3;3;1;6;3;2;33;540
5;5;6;2;6;5;5;6;4;2;46;541
5;4;2;2;6;5;3;2;6;4;39;542
2;4;6;6;2;6;6;2;2;2;38;543
4;4;5;2;4;6;5;3;2;4;39;544
3;2;5;4;4;4;5;5;1;5;38;545
5;4;1;5;3;6;4;1;4;2;35;546
5;3;1;4;2;1;4;6;2;3;31;547
2;4;3;5;2;3;6;5;2;3;35;548
6;6;3;2;6;5;2;6;2;3;41;549
1;5;2;4;1;6;2;4;6;3;34;550
2;6;6;4;3;4;3;3;2;3;36;551
2;5;2;4;4;1;6;4;4;6;38;552
5;1;3;4;3;6;2;2;3;6;35;553
2;4;1;6;4;5;5;3;4;3;37;554
1;3;3;1;1;5;4;4;3;5;30;555
1;2;2;5;5;1;6;2;1;6;31;556
4;2;5;6;2;6;5;6;6;2;44;557
3;2;6;1;3;2;5;6;5;4;37;558
3;1;6;6;6;4;6;4;5;3;44;559
1;6;2;6;6;2;3;2;2;4;34;560
2;4;5;4;2;6;2;3;3;3;34;561
2;6;3;6;6;2;6;6;3;6;46;562
4;4;1;1;1;1;4;2;1;5;24;563
2;5;6;3;2;4;5;4;3;5;39;564
3;4;2;4;2;3;1;2;5;3;29;565
4;1;2;6;1;3;3;3;3;3;29;566
4;2;3;6;4;4;2;6;6;5;42;567
4;2;2;2;3;6;3;4;2;1;29;568
3;4;6;5;6;2;2;4;3;2;37;569
6;5;4;6;2;6;5;2;3;4;43;570
2;3;2;4;3;3;4;6;4;1;32;571
3;6;4;5;5;5;2;6;3;5;44;572
5;1;4;6;1;4;1;6;6;2;36;573
4;4;4;1;1;3;2;6;4;3;32;574
2;3;1;5;5;6;2;2;5;6;37;575
5;6;2;1;3;3;1;4;6;5;36;576
4;2;4;4;3;2;6;6;4;5;40;577
4;6;6;6;4;1;3;1;2;4;37;578
6;6;3;1;4;4;5;4;5;6;44;579
2;2;2;6;1;4;5;4;1;2;29;580
4;4;4;1;3;1;2;1;5;2;27;581
5;6;6;5;1;6;4;3;4;1;41;582
2;4;2;4;2;2;1;3;2;1;23;583
1;1;5;3;4;3;3;1;1;1;23;584
5;1;3;2;4;1;6;1;4;1;28;585
4;4;2;4;3;6;4;1;5;6;39;586
3;3;5;1;4;3;1;5;5;4;34;587
2;3;4;3;3;4;3;1;4;1;28;588
5;2;6;3;5;5;3;6;5;1;41;589
1;2;5;2;6;2;6;6;1;1;32;590
4;6;2;2;6;6;5;1;5;2;39;591
4;1;1;4;4;6;5;1;5;5;36;592
3;6;2;5;6;5;2;2;4;5;40;593
5;4;3;1;2;2;4;5;3;2;31;594
5;5;3;4;3;1;2;6;3;6;38;595
6;2;2;2;3;2;3;5;2;1;28;596
2;1;6;1;4;3;5;2;6;4;34;597
6;3;2;5;6;1;4;4;4;3;38;598
1;1;3;4;6;5;3;2;4;2;31;599
2;5;1;3;1;5;5;4;1;6;33;600
5;6;4;4;4;4;2;2;5;5;41;601
1;3;6;1;5;1;1;5;4;1;28;602
6;6;4;3;2;3;3;5;6;3;41;603
5;3;1;3;4;4;1;2;5;1;29;604
6;1;3;5;1;2;6;3;1;3;31;605
1;6;1;6;3;2;3;6;2;2;32;606
2;5;3;1;6;5;2;2;4;4;34;607
6;6;3;3;2;5;6;1;2;3;37;608
6;1;5;2;5;5;1;4;2;5;36;609
2;6;3;3;5;5;6;6;2;5;43;610
1;4;2;6;4;1;4;1;2;5;30;611
1;4;3;2;4;3;4;6;5;3;35;612
2;2;4;2;1;2;2;4;3;3;25;613
4;4;6;4;5;2;3;5;5;5;43;614
6;6;4;1;4;2;6;5;6;1;41;615
2;4;3;3;2;3;6;1;3;6;33;616
1;5;3;6;4;6;4;4;5;4;42;617
3;6;1;6;1;2;6;2;2;5;34;618
6;4;1;1;2;3;6;2;3;4;32;619
6;2;1;3;6;4;6;3;5;4;40;620
6;6;4;6;1;4;1;5;6;5;44;621
4;1;5;2;5;3;1;2;4;3;30;622
4;4;6;2;3;6;3;3;4;3;38;623
3;3;6;1;1;4;4;2;5;2;31;624
4;3;1;1;3;6;6;4;6;6;40;625
4;2;5;1;4;5;6;3;5;4;39;626
1;4;4;2;5;5;5;4;1;1;32;627
3;1;5;3;6;6;2;5;6;3;40;628
3;4;2;1;6;2;1;4;3;3;29;629
2;5;5;6;4;6;6;4;2;5;45;630
2;4;1;5;2;6;6;2;5;3;36;631
6;2;6;1;2;3;5;6;1;4;36;632
1;6;1;3;2;4;2;4;1;4;28;633
3;4;3;2;2;3;5;2;1;6;31;634
2;1;1;4;6;1;6;2;2;6;31;635
3;5;1;5;5;2;1;4;6;5;37;636
4;2;1;3;3;6;4;5;5;5;38;637
2;2;5;6;4;4;1;6;3;5;38;638
3;3;4;3;5;6;5;3;4;6;42;639
6;5;2;1;6;2;3;2;5;3;35;640
6;4;1;5;6;2;6;4;3;5;42;641
4;2;1;1;1;5;1;2;5;4;26;642
5;6;1;4;1;1;2;4;4;5;33;643
5;2;1;3;5;6;5;5;5;4;41;644
5;5;3;1;3;4;6;5;5;4;41;645
2;3;1;3;3;3;1;1;5;6;28;646
4;3;6;3;1;3;5;1;5;6;37;647
4;3;6;1;3;3;6;4;5;5;40;648
3;3;6;4;5;3;1;5;2;5;37;649
4;3;3;5;2;2;1;5;1;6;32;650
2;4;5;1;6;5;1;6;4;6;40;651
6;3;1;1;6;1;6;2;3;6;35;652
3;2;3;2;6;2;4;4;5;5;36;653
2;3;5;1;2;3;3;1;6;5;31;654
5;3;5;4;6;1;1;5;4;2;36;655
2;5;1;5;5;1;2;6;4;2;33;656
4;4;5;5;3;5;1;6;1;4;38;657
3;5;1;5;4;5;2;4;3;6;38;658
3;1;6;2;1;1;3;2;2;1;22;659
1;4;3;3;5;2;3;5;2;3;31;660
1;6;5;2;3;5;5;6;2;4;39;661
6;2;1;1;5;1;1;5;4;4;30;662
4;1;1;5;1;2;1;2;3;6;26;663
5;4;5;6;1;5;4;3;2;4;39;664
6;1;6;2;5;5;3;2;4;1;35;665
6;4;3;2;5;5;4;3;6;1;39;666
6;2;1;1;2;5;2;4;6;2;31;667
1;6;2;2;4;2;5;2;5;3;32;668
3;6;1;3;2;6;4;1;5;6;37;669
1;1;5;5;1;3;5;2;2;4;29;670
6;5;1;6;1;6;4;1;4;4;38;671
5;4;5;5;3;5;3;2;2;4;38;672
3;3;4;1;3;6;3;5;1;2;31;673
5;4;1;4;5;6;3;1;6;6;41;674
4;4;5;2;4;5;2;5;1;2;34;675
5;6;2;2;1;2;5;1;1;6;31;676
3;4;3;5;4;2;6;5;5;3;40;677
1;1;3;5;4;6;1;2;1;6;30;678
6;5;6;4;2;6;5;5;6;3;48;679
5;2;1;3;2;4;4;4;3;6;34;680
4;1;6;5;1;6;4;3;5;6;41;681
4;2;4;3;3;2;3;4;3;3;31;682
6;2;5;2;1;3;2;6;5;6;38;683
2;4;6;3;3;3;6;5;2;3;37;684
1;6;6;4;4;3;2;1;4;1;32;685
1;4;2;1;4;6;6;3;6;6;39;686
1;3;5;5;4;2;1;2;6;2;31;687
5;5;6;6;2;6;6;2;5;1;44;688
4;4;3;2;5;3;4;5;1;1;32;689
3;4;5;2;5;4;5;2;4;4;38;690
5;2;2;6;6;5;2;2;4;1;35;691
4;5;4;2;4;3;6;1;4;2;35;692
3;1;3;5;3;5;6;2;6;6;40;693
4;3;1;2;3;1;2;3;2;3;24;694
5;1;2;3;4;2;1;6;3;5;32;695
4;2;5;6;5;5;1;5;3;3;39;696
1;4;3;5;6;5;6;4;6;2;42;697
3;2;3;2;4;2;2;4;2;2;26;698
4;4;6;3;1;6;3;1;4;3;35;699
2;3;2;2;6;1;6;5;4;2;33;700
6;4;3;4;6;4;1;4;6;6;44;701
6;3;2;1;4;6;3;4;4;3;36;702
3;1;4;4;2;5;3;6;4;1;33;703
1;5;2;4;2;3;3;6;5;4;35;704
4;4;4;2;5;4;5;2;2;3;35;705
4;3;4;6;5;1;4;4;4;3;38;706
5;4;6;4;3;2;6;1;5;1;37;707
2;2;2;3;4;1;5;1;5;4;29;708
1;1;5;6;6;1;6;1;5;3;35;709
6;2;1;1;2;6;2;6;5;1;32;710
5;1;5;4;6;1;3;6;6;3;40;711
1;2;6;6;5;5;3;4;6;6;44;712
4;2;3;1;6;1;4;6;1;2;30;713
2;1;2;4;5;2;1;3;2;3;25;714
6;4;3;3;3;5;3;1;2;1;31;715
5;1;5;3;1;4;5;2;4;1;31;716
5;6;6;2;1;4;5;4;6;1;40;717
4;6;2;3;5;1;3;6;4;6;40;718
4;6;6;1;1;4;6;1;2;3;34;719
4;1;2;3;3;2;3;2;1;6;27;720
3;1;6;1;1;3;1;1;5;1;23;721
3;4;5;4;5;1;3;5;3;5;38;722
3;5;4;2;3;2;2;1;2;5;29;723
2;3;6;1;2;1;2;1;1;1;20;724
5;1;4;3;4;2;1;4;4;1;29;725
3;4;6;3;1;1;5;1;1;2;27;726
4;3;6;3;3;6;6;5;2;4;42;727
1;2;3;4;6;3;6;1;5;1;32;728
1;1;5;3;2;3;2;1;4;6;28;729
3;1;2;4;1;1;4;1;6;3;26;730
1;2;6;5;5;3;3;5;5;1;36;731
4;6;2;5;3;5;2;3;5;4;39;732
4;6;3;6;3;6;6;2;2;3;41;733
2;4;4;6;5;2;6;2;4;5;40;734
5;5;4;2;3;5;1;2;5;6;38;735
4;2;1;2;2;3;2;4;4;6;30;736
6;5;4;1;6;4;5;5;3;5;44;737
2;6;2;1;1;3;1;5;4;1;26;738
1;1;3;2;1;3;6;1;2;6;26;739
4;4;6;6;3;1;1;2;2;5;34;740
2;2;2;4;2;1;4;3;5;3;28;741
5;5;5;6;4;5;3;3;3;5;44;742
2;2;6;3;1;2;3;5;5;1;30;743
4;3;5;4;5;2;2;5;1;2;33;744
6;2;3;3;4;3;6;3;2;3;35;745
4;2;3;6;4;2;2;5;4;5;37;746
2;3;5;1;3;6;4;6;5;4;39;747
5;3;5;1;2;6;2;4;4;2;34;748
2;2;3;4;1;3;6;6;4;1;32;749
1;4;5;4;4;4;6;1;1;3;33;750
2;3;6;6;5;4;4;6;2;1;39;751
1;2;1;5;5;1;4;5;4;4;32;752
5;6;1;3;4;1;3;3;3;3;32;753
5;2;5;4;2;6;6;4;4;3;41;754
5;1;1;5;1;2;6;2;2;4;29;755
3;1;1;6;1;4;3;5;5;1;30;756
2;3;6;6;3;5;5;6;2;4;42;757
4;3;6;2;6;4;4;5;1;4;39;758
4;6;5;4;5;5;3;1;2;5;40;759
3;3;3;2;5;6;6;2;4;5;39;760
2;2;2;1;6;3;2;4;2;1;25;761
1;2;3;6;5;6;6;3;1;4;37;762
2;2;3;2;4;1;3;1;2;1;21;763
1;2;4;4;5;4;1;4;4;1;30;764
5;6;6;3;3;6;5;1;5;6;46;765
1;5;6;6;6;1;6;2;2;6;41;766
1;2;3;3;5;4;1;5;6;6;36;767
3;1;3;6;4;5;6;5;6;2;41;768
1;2;1;4;5;3;2;4;6;5;33;769
3;3;3;1;3;4;4;6;4;4;35;770
5;6;2;1;5;6;4;5;3;4;41;771
4;6;3;2;6;3;2;3;1;3;33;772
6;1;4;2;5;2;6;3;2;5;36;773
2;6;6;1;6;1;1;2;6;4;35;774
2;6;3;5;5;5;2;5;5;4;42;775
5;4;2;4;3;2;4;2;3;3;32;776
5;4;2;4;2;1;2;1;2;6;29;777
1;5;4;6;3;2;2;6;5;4;38;778
2;1;3;3;6;6;2;5;1;2;31;779
2;6;4;6;3;1;6;2;3;2;35;780
2;2;1;1;4;2;5;1;4;5;27;781
1;2;6;1;2;5;1;5;4;3;30;782
3;2;3;1;4;1;3;4;6;2;29;783
3;3;1;5;5;4;3;4;5;1;34;784
1;2;1;3;1;1;6;3;1;2;21;785
5;5;5;3;4;1;6;2;2;4;37;786
1;5;5;2;1;3;2;2;1;6;28;787
6;3;6;6;6;4;2;5;1;5;44;788
6;6;6;3;4;3;5;4;2;5;44;789
4;4;3;4;6;2;2;5;4;4;38;790
4;5;3;5;5;1;2;3;6;4;38;791
3;3;4;3;6;5;3;5;3;6;41;792
6;6;4;6;6;1;6;5;1;1;42;793
2;2;1;1;1;2;2;6;1;1;19;794
1;4;1;2;1;3;6;4;1;5;28;795
2;4;4;1;4;3;1;2;1;4;26;796
4;5;1;4;2;6;4;5;4;1;36;797
1;6;5;4;1;6;4;5;1;1;34;798
1;4;6;6;6;4;4;1;1;3;36;799
2;3;6;2;4;6;6;4;6;5;44;800
4;4;1;2;2;1;5;2;2;2;25;801
4;2;5;2;1;6;4;3;4;5;36;802
5;4;6;6;1;5;6;4;2;1;40;803
1;4;1;2;3;4;4;4;6;6;35;804
2;2;6;6;4;1;5;4;4;3;37;805
5;4;1;6;2;6;4;6;6;3;43;806
1;5;4;1;3;1;6;1;3;2;27;807
4;2;4;3;4;4;5;3;4;4;37;808
5;4;4;4;4;3;1;3;2;4;34;809
2;4;5;6;1;3;2;5;6;1;35;810
4;1;1;5;6;1;2;1;5;3;29;811
3;3;4;1;4;2;2;2;2;1;24;812
4;1;5;5;1;5;1;1;5;5;33;813
4;5;3;6;6;2;3;2;1;5;37;814
6;5;4;1;2;4;4;2;4;3;35;815
6;2;1;2;4;6;6;5;2;3;37;816
1;4;6;4;1;5;2;1;4;3;31;817
6;2;3;2;1;5;5;6;1;4;35;818
1;3;6;5;4;1;3;5;4;1;33;819
3;1;3;5;6;2;6;4;5;2;37;820
6;3;6;2;5;3;4;6;6;3;44;821
4;6;4;1;4;1;5;4;5;3;37;822
6;6;2;3;1;1;6;6;5;6;42;823
6;1;2;6;1;1;5;1;1;1;25;824
1;3;3;5;3;1;5;4;4;4;33;825
6;1;4;5;4;1;6;3;2;3;35;826
4;2;3;3;4;2;3;5;5;4;35;827
2;5;6;1;4;6;5;5;5;5;44;828
2;1;1;3;5;4;4;2;6;4;32;829
5;6;1;5;5;5;5;2;5;5;44;830
3;6;2;1;2;3;1;4;5;2;29;831
4;4;6;3;4;5;5;1;2;6;40;832
3;5;1;3;4;6;6;3;5;2;38;833
3;6;5;2;4;3;5;1;1;3;33;834
1;1;3;3;2;2;2;1;3;5;23;835
1;4;2;3;6;6;2;3;4;5;36;836
4;1;3;4;3;4;3;3;1;3;29;837
4;6;1;4;5;2;5;4;4;3;38;838
6;2;2;3;1;6;3;3;6;3;35;839
3;1;6;6;5;4;1;6;2;4;38;840
5;6;4;4;6;3;2;3;3;5;41;841
2;6;4;5;4;4;3;5;5;5;43;842
3;1;1;2;6;3;1;4;1;1;23;843
2;6;3;2;2;1;1;1;4;4;26;844
1;4;1;3;4;1;5;4;5;6;34;845
2;2;6;6;3;4;3;3;6;2;37;846
2;3;6;5;4;2;1;4;1;3;31;847
2;4;2;5;2;4;1;1;6;4;31;848
2;6;3;6;5;4;5;6;2;4;43;849
2;5;2;2;4;1;1;5;6;2;30;850
1;3;3;3;6;2;4;5;1;4;32;851
1;3;4;4;2;4;2;1;3;6;30;852
4;1;3;4;3;6;5;5;2;1;34;853
6;5;3;1;2;6;2;3;6;5;39;854
6;4;6;2;3;1;4;3;1;3;33;855
6;3;4;6;5;5;6;2;2;5;44;856
5;6;5;2;6;2;3;4;6;3;42;857
1;2;3;2;1;3;5;1;2;2;22;858
3;3;5;5;6;3;1;2;5;5;38;859
3;2;6;1;2;6;4;6;5;5;40;860
1;1;6;1;1;4;4;4;6;1;29;861
6;4;4;5;6;2;4;6;5;3;45;862
2;1;1;6;4;6;3;1;3;6;33;863
3;4;1;5;6;3;3;2;3;4;34;864
2;4;5;1;6;5;2;5;1;2;33;865
5;6;3;6;2;4;2;3;3;2;36;866
5;3;1;5;1;2;4;2;5;6;34;867
6;6;1;3;6;4;5;6;2;6;45;868
5;2;2;1;2;1;4;4;1;5;27;869
5;6;6;5;2;6;3;1;6;4;44;870
5;5;4;2;5;5;1;3;4;3;37;871
4;5;4;4;3;5;6;6;6;2;45;872
4;1;4;6;1;5;3;2;1;6;33;873
6;6;3;4;2;4;3;3;1;4;36;874
4;5;2;1;1;2;6;2;4;5;32;875
6;1;5;3;4;4;4;2;4;1;34;876
1;4;6;3;5;3;3;6;4;3;38;877
2;5;6;4;3;6;2;4;3;3;38;878
6;1;3;2;5;1;3;6;3;4;34;879
3;6;3;2;5;2;3;3;5;3;35;880
4;3;2;2;1;5;1;6;2;2;28;881
1;3;5;3;1;6;1;4;5;6;35;882
6;2;3;5;1;5;4;3;6;5;40;883
4;1;4;1;6;4;6;6;6;2;40;884
6;5;6;6;3;5;6;3;4;4;48;885
1;4;5;1;3;6;2;4;2;6;34;886
4;5;6;3;5;3;6;1;2;2;37;887
2;5;3;3;5;6;2;6;6;1;39;888
4;4;6;5;5;1;5;1;3;2;36;889
5;2;5;1;3;4;2;5;6;3;36;890
3;4;4;2;3;6;5;5;1;4;37;891
3;5;3;2;2;3;2;5;2;6;33;892
3;1;1;6;3;5;4;1;2;2;28;893
6;2;2;1;2;5;3;2;2;2;27;894
4;2;4;2;1;5;1;6;6;2;33;895
2;5;1;2;3;1;3;6;6;3;32;896
3;4;6;3;2;4;1;4;3;2;32;897
6;1;4;2;4;4;1;1;1;4;28;898
1;2;3;3;3;4;1;6;6;1;30;899
5;4;5;3;1;5;3;1;3;3;33;900
5;5;4;3;1;3;6;4;4;1;36;901
2;5;3;5;3;6;2;2;3;6;37;902
6;3;5;6;2;6;6;5;5;3;47;903
4;4;4;4;5;6;3;6;4;3;43;904
4;3;2;3;2;5;3;6;4;3;35;905
2;1;6;6;2;3;4;4;5;6;39;906
1;5;6;3;1;1;5;6;6;5;39;907
2;2;4;3;1;4;3;6;3;3;31;908
3;6;1;3;4;6;5;3;1;5;37;909
5;4;6;4;3;2;6;5;3;6;44;910
4;5;1;5;4;2;1;5;2;5;34;911
1;3;6;1;1;6;6;4;6;5;39;912
1;5;6;4;5;3;6;5;1;4;40;913
6;3;4;2;1;6;3;6;3;6;40;914
4;1;3;4;6;1;5;5;1;3;33;915
3;2;1;1;4;1;2;5;4;1;24;916
4;4;5;1;3;4;4;6;3;5;39;917
4;1;4;2;5;2;5;4;1;4;32;918
4;1;2;1;1;3;3;4;2;3;24;919
4;3;4;3;6;6;1;4;5;4;40;920
4;3;5;5;1;2;3;5;3;6;37;921
2;5;3;1;4;1;1;2;3;2;24;922
4;5;4;2;4;3;5;5;2;4;38;923
2;2;2;5;6;3;4;1;2;5;32;924
2;1;1;1;2;3;6;6;4;5;31;925
6;4;5;6;2;5;3;5;1;4;41;926
2;5;1;1;3;6;5;6;4;3;36;927
2;2;6;5;2;4;5;3;5;6;40;928
6;6;2;5;5;5;3;4;6;3;45;929
6;6;3;6;3;5;4;3;4;3;43;930
3;5;4;2;2;4;4;5;5;5;39;931
6;5;5;5;4;3;2;1;6;2;39;932
2;1;6;3;5;4;4;1;3;4;33;933
2;5;2;4;2;2;3;1;3;2;26;934
3;4;3;6;2;2;5;1;1;3;30;935
5;2;6;4;2;6;2;3;5;3;38;936
3;5;3;5;5;1;2;3;6;2;35;937
1;2;5;5;6;1;4;4;6;3;37;938
6;1;4;3;2;4;2;6;2;4;34;939
6;2;4;5;5;4;1;6;1;3;37;940
4;3;3;3;6;3;3;2;1;5;33;941
6;6;1;6;6;2;3;1;3;5;39;942
6;4;3;3;4;5;3;2;6;1;37;943
2;5;2;2;6;2;5;3;4;3;34;944
4;2;3;6;2;3;2;1;2;2;27;945
5;2;2;6;1;6;4;4;2;1;33;946
1;5;3;5;2;6;4;4;3;5;38;947
1;4;2;3;5;5;6;4;4;3;37;948
4;3;6;1;6;1;5;5;6;3;40;949
5;4;1;5;2;3;6;3;2;2;33;950
3;1;5;6;6;2;3;5;6;6;43;951
6;3;5;3;5;3;3;2;2;6;38;952
4;1;3;1;5;1;3;6;5;5;34;953
6;1;1;5;4;6;2;5;2;1;33;954
6;3;5;2;5;3;2;4;5;6;41;955
2;3;2;1;6;3;4;1;1;4;27;956
4;6;5;6;5;3;3;2;1;6;41;957
2;6;6;1;6;3;3;3;1;6;37;958
2;3;5;6;2;5;1;6;1;3;34;959
5;4;6;4;4;4;1;3;2;5;38;960
5;1;5;3;3;2;3;6;4;4;36;961
5;3;1;4;3;2;3;2;4;4;31;962
6;2;1;5;4;6;4;1;2;2;33;963
5;5;3;3;5;1;5;6;2;6;41;964
1;5;3;6;2;6;1;2;6;6;38;965
2;4;3;1;3;5;2;2;1;1;24;966
4;1;5;1;4;4;5;4;6;1;35;967
4;4;1;3;4;4;4;5;5;4;38;968
6;5;4;1;5;1;4;1;3;2;32;969
5;3;1;2;4;3;1;2;1;3;25;970
3;4;1;1;1;1;5;5;4;2;27;971
4;6;5;5;3;4;1;3;4;2;37;972
5;2;5;3;3;3;6;2;3;6;38;973
2;3;5;2;5;6;1;1;2;6;33;974
1;6;1;1;1;4;5;2;3;5;29;975
2;3;1;2;6;5;6;4;6;4;39;976
2;5;3;4;5;4;4;6;3;2;38;977
2;4;4;4;3;5;2;3;2;1;30;978
2;5;4;2;1;4;5;3;6;3;35;979
2;2;5;6;2;3;3;2;1;5;31;980
1;5;6;3;1;2;5;3;3;1;30;981
6;6;4;6;6;1;5;1;4;1;40;982
2;1;3;2;5;5;3;5;6;3;35;983
2;5;5;4;5;1;2;3;3;3;33;984
1;5;5;4;5;5;5;6;1;3;40;985
2;1;2;3;2;5;4;5;3;4;31;986
3;6;2;6;5;1;3;1;1;1;29;987
6;3;3;3;5;5;4;4;4;4;41;988
3;4;2;3;5;1;3;3;3;4;31;989
1;4;2;5;2;4;6;3;4;5;36;990
5;1;3;1;6;1;4;4;3;3;31;991
1;6;2;6;1;2;2;3;6;1;30;992
6;1;2;2;6;1;5;2;6;5;36;993
3;5;3;2;1;5;2;4;1;6;32;994
1;6;4;2;3;2;5;2;4;3;32;995
2;4;4;3;1;5;2;3;2;2;28;996
3;4;3;5;1;3;5;5;2;5;36;997
6;2;1;6;5;4;6;6;2;1;39;998
5;4;6;5;5;4;3;6;6;1;45;999
1;5;3;5;4;2;5;5;6;1;37;1000
